article_id,indicator1,indicator2,indicator3
5e8222f70dc171d3c93e717c,"('redflag8', tensor([[0.0726]]))","('redflag14', tensor([[0.0627]]))","('redflag11', tensor([[0.0616]]))"
5e82231a0dc171d3c93e718c,"('redflag11', tensor([[0.1136]]))","('redflag1', tensor([[0.1044]]))","('redflag8', tensor([[0.0918]]))"
5e8223380dc171d3c93e719c,"('redflag14', tensor([[0.1251]]))","('redflag16', tensor([[0.0976]]))","('redflag11', tensor([[0.0953]]))"
5e8223140dc171d3c93e718a,"('redflag2', tensor([[0.1559]]))","('redflag11', tensor([[0.1406]]))","('redflag13', tensor([[0.1335]]))"
5e8222e00dc171d3c93e7176,"('redflag16', tensor([[0.1367]]))","('redflag14', tensor([[0.1212]]))","('redflag17', tensor([[0.1178]]))"
5e8223010dc171d3c93e7183,"('redflag18', tensor([[0.0807]]))","('redflag8', tensor([[0.0789]]))","('redflag14', tensor([[0.0717]]))"
5e8223290dc171d3c93e7197,"('redflag14', tensor([[0.1651]]))","('redflag10', tensor([[0.1566]]))","('redflag17', tensor([[0.1503]]))"
5e8223990dc171d3c93e71c2,"('redflag5', tensor([[0.1280]]))","('redflag10', tensor([[0.1133]]))","('redflag2', tensor([[0.1087]]))"
5e8223380dc171d3c93e719d,"('redflag14', tensor([[0.1251]]))","('redflag16', tensor([[0.0976]]))","('redflag11', tensor([[0.0953]]))"
5e8223a60dc171d3c93e71cd,"('redflag14', tensor([[0.0504]]))","('redflag17', tensor([[0.0311]]))","('redflag7', tensor([[0.0290]]))"
5e8223c00dc171d3c93e71dc,"('redflag11', tensor([[0.1969]]))","('redflag17', tensor([[0.1831]]))","('redflag13', tensor([[0.1831]]))"
5e8223290dc171d3c93e7196,"('redflag14', tensor([[0.1572]]))","('redflag10', tensor([[0.1444]]))","('redflag5', tensor([[0.1416]]))"
5e8223c70dc171d3c93e71e1,"('redflag4', tensor([[0.0806]]))","('redflag13', tensor([[0.0772]]))","('redflag9', tensor([[0.0770]]))"
5e8223c00dc171d3c93e71da,"('redflag11', tensor([[0.1349]]))","('redflag18', tensor([[0.1051]]))","('redflag10', tensor([[0.1020]]))"
5e82237b0dc171d3c93e71b8,"('redflag11', tensor([[0.1093]]))","('redflag17', tensor([[0.0968]]))","('redflag9', tensor([[0.0901]]))"
5e8223870dc171d3c93e71bd,"('redflag16', tensor([[0.0688]]))","('redflag17', tensor([[0.0662]]))","('redflag14', tensor([[0.0607]]))"
5e8222f70dc171d3c93e717d,"('redflag8', tensor([[0.1556]]))","('redflag6', tensor([[0.1515]]))","('redflag2', tensor([[0.1500]]))"
5e82237b0dc171d3c93e71b7,"('redflag11', tensor([[0.1093]]))","('redflag17', tensor([[0.0968]]))","('redflag9', tensor([[0.0901]]))"
5e8223d40dc171d3c93e71e5,"('redflag9', tensor([[0.0655]]))","('redflag11', tensor([[0.0653]]))","('redflag13', tensor([[0.0481]]))"
5e8223c00dc171d3c93e71db,"('redflag11', tensor([[0.0777]]))","('redflag17', tensor([[0.0737]]))","('redflag10', tensor([[0.0576]]))"
5e8222e00dc171d3c93e7175,"('redflag1', tensor([[0.1400]]))","('redflag10', tensor([[0.1298]]))","('redflag11', tensor([[0.1210]]))"
5e8223df0dc171d3c93e71f6,"('redflag8', tensor([[0.1412]]))","('redflag10', tensor([[0.1280]]))","('redflag14', tensor([[0.1158]]))"
5e8223df0dc171d3c93e71f8,"('redflag11', tensor([[0.0560]]))","('redflag10', tensor([[0.0533]]))","('redflag5', tensor([[0.0529]]))"
5e8223ee0dc171d3c93e71ff,"('redflag8', tensor([[0.1268]]))","('redflag7', tensor([[0.0900]]))","('redflag14', tensor([[0.0894]]))"
5e8223d40dc171d3c93e71e4,"('redflag11', tensor([[0.0804]]))","('redflag9', tensor([[0.0708]]))","('redflag13', tensor([[0.0578]]))"
5e8223ee0dc171d3c93e71fd,"('redflag17', tensor([[0.0646]]))","('redflag10', tensor([[0.0486]]))","('redflag16', tensor([[0.0465]]))"
5e82241f0dc171d3c93e7229,"('redflag7', tensor([[0.1705]]))","('redflag17', tensor([[0.1570]]))","('redflag14', tensor([[0.1554]]))"
5e82242a0dc171d3c93e722e,"('redflag14', tensor([[0.1166]]))","('redflag5', tensor([[0.1146]]))","('redflag4', tensor([[0.1096]]))"
5e8224410dc171d3c93e7237,"('redflag9', tensor([[0.1202]]))","('redflag11', tensor([[0.1162]]))","('redflag17', tensor([[0.1062]]))"
5e82247f0dc171d3c93e7256,"('redflag11', tensor([[0.0610]]))","('redflag18', tensor([[0.0501]]))","('redflag8', tensor([[0.0418]]))"
5e8224550dc171d3c93e7244,"('redflag10', tensor([[0.1190]]))","('redflag11', tensor([[0.1023]]))","('redflag17', tensor([[0.0996]]))"
5e8224680dc171d3c93e724a,"('redflag9', tensor([[0.1171]]))","('redflag11', tensor([[0.1109]]))","('redflag17', tensor([[0.1099]]))"
5e8224000dc171d3c93e721b,"('redflag11', tensor([[0.1236]]))","('redflag9', tensor([[0.1102]]))","('redflag10', tensor([[0.1055]]))"
5e8224b40dc171d3c93e7274,"('redflag14', tensor([[0.0728]]))","('redflag10', tensor([[0.0576]]))","('redflag8', tensor([[0.0533]]))"
5e8224e70dc171d3c93e7294,"('redflag9', tensor([[0.1062]]))","('redflag14', tensor([[0.0997]]))","('redflag2', tensor([[0.0952]]))"
5e8224bf0dc171d3c93e7278,"('redflag2', tensor([[0.1187]]))","('redflag16', tensor([[0.1175]]))","('redflag6', tensor([[0.1174]]))"
5e8225050dc171d3c93e72af,"('redflag17', tensor([[0.0847]]))","('redflag18', tensor([[0.0816]]))","('redflag14', tensor([[0.0788]]))"
5e82251a0dc171d3c93e72b9,"('redflag18', tensor([[0.0676]]))","('redflag8', tensor([[0.0551]]))","('redflag11', tensor([[0.0446]]))"
5e8224e70dc171d3c93e7292,"('redflag4', tensor([[0.0933]]))","('redflag16', tensor([[0.0885]]))","('redflag14', tensor([[0.0728]]))"
5e82251a0dc171d3c93e72ba,"('redflag7', tensor([[0.0473]]))","('redflag8', tensor([[0.0414]]))","('redflag14', tensor([[0.0354]]))"
5e8225370dc171d3c93e72c7,"('redflag18', tensor([[0.1084]]))","('redflag17', tensor([[0.0962]]))","('redflag16', tensor([[0.0957]]))"
5e8224e70dc171d3c93e7290,"('redflag14', tensor([[0.1127]]))","('redflag15', tensor([[0.1075]]))","('redflag19', tensor([[0.1066]]))"
5e8225570dc171d3c93e72dc,"('redflag11', tensor([[0.1264]]))","('redflag16', tensor([[0.1246]]))","('redflag17', tensor([[0.1229]]))"
5e8225570dc171d3c93e72df,"('redflag11', tensor([[0.1142]]))","('redflag17', tensor([[0.1123]]))","('redflag18', tensor([[0.1095]]))"
5e82251a0dc171d3c93e72b8,"('redflag17', tensor([[0.0881]]))","('redflag7', tensor([[0.0853]]))","('redflag11', tensor([[0.0771]]))"
5e8225370dc171d3c93e72ce,"('redflag11', tensor([[0.1491]]))","('redflag9', tensor([[0.1423]]))","('redflag10', tensor([[0.1410]]))"
5e8224940dc171d3c93e725c,"('redflag11', tensor([[0.0959]]))","('redflag17', tensor([[0.0757]]))","('redflag10', tensor([[0.0731]]))"
5e8225b70dc171d3c93e7318,"('redflag11', tensor([[0.1395]]))","('redflag10', tensor([[0.1101]]))","('redflag8', tensor([[0.1095]]))"
5e8225b70dc171d3c93e7326,"('redflag10', tensor([[0.0995]]))","('redflag11', tensor([[0.0954]]))","('redflag9', tensor([[0.0920]]))"
5e8225050dc171d3c93e72ac,"('redflag17', tensor([[0.1214]]))","('redflag14', tensor([[0.1152]]))","('redflag8', tensor([[0.1146]]))"
5e8226630dc171d3c93e73ae,"('redflag16', tensor([[0.0839]]))","('redflag17', tensor([[0.0669]]))","('redflag10', tensor([[0.0532]]))"
5e8225570dc171d3c93e72e2,"('redflag16', tensor([[0.1615]]))","('redflag17', tensor([[0.1497]]))","('redflag11', tensor([[0.1472]]))"
5e82257e0dc171d3c93e72f7,"('redflag16', tensor([[0.0551]]))","('redflag10', tensor([[0.0455]]))","('redflag1', tensor([[0.0403]]))"
5e82257e0dc171d3c93e72f3,"('redflag11', tensor([[0.0611]]))","('redflag1', tensor([[0.0504]]))","('redflag13', tensor([[0.0482]]))"
5e8225f80dc171d3c93e7355,"('redflag9', tensor([[0.1825]]))","('redflag11', tensor([[0.1794]]))","('redflag10', tensor([[0.1764]]))"
5e8226d10dc171d3c93e73fc,"('redflag10', tensor([[0.1710]]))","('redflag11', tensor([[0.1676]]))","('redflag14', tensor([[0.1661]]))"
5e8225b70dc171d3c93e7321,"('redflag16', tensor([[0.1155]]))","('redflag17', tensor([[0.0964]]))","('redflag14', tensor([[0.0942]]))"
5e8226440dc171d3c93e7393,"('redflag17', tensor([[0.0898]]))","('redflag10', tensor([[0.0819]]))","('redflag14', tensor([[0.0787]]))"
5e8226f90dc171d3c93e740d,"('redflag10', tensor([[0.1070]]))","('redflag16', tensor([[0.1051]]))","('redflag14', tensor([[0.0962]]))"
5e8226af0dc171d3c93e73e0,"('redflag11', tensor([[0.1023]]))","('redflag14', tensor([[0.1022]]))","('redflag16', tensor([[0.0976]]))"
5e8227060dc171d3c93e7411,"('redflag11', tensor([[0.0593]]))","('redflag17', tensor([[0.0461]]))","('redflag10', tensor([[0.0415]]))"
5e8226880dc171d3c93e73bb,"('redflag9', tensor([[0.1131]]))","('redflag14', tensor([[0.1092]]))","('redflag17', tensor([[0.1086]]))"
5e8227060dc171d3c93e7412,"('redflag11', tensor([[0.0593]]))","('redflag17', tensor([[0.0461]]))","('redflag10', tensor([[0.0415]]))"
5e8227160dc171d3c93e741a,"('redflag11', tensor([[0.0490]]))","('redflag10', tensor([[0.0364]]))","('redflag9', tensor([[0.0361]]))"
5e8227160dc171d3c93e741b,"('redflag14', tensor([[0.0902]]))","('redflag17', tensor([[0.0795]]))","('redflag9', tensor([[0.0792]]))"
5e8227460dc171d3c93e7430,"('redflag9', tensor([[0.0414]]))","('redflag11', tensor([[0.0261]]))","('redflag10', tensor([[0.0221]]))"
5e8226f90dc171d3c93e740c,"('redflag9', tensor([[-0.0291]]))","('redflag18', tensor([[-0.0298]]))","('redflag10', tensor([[-0.0298]]))"
5e8227610dc171d3c93e7445,"('redflag18', tensor([[0.0576]]))","('redflag1', tensor([[0.0467]]))","('redflag5', tensor([[0.0447]]))"
5e82277e0dc171d3c93e7451,"('redflag16', tensor([[0.0329]]))","('redflag14', tensor([[0.0324]]))","('redflag8', tensor([[0.0257]]))"
5e8226f00dc171d3c93e7402,"('redflag14', tensor([[0.0999]]))","('redflag16', tensor([[0.0986]]))","('redflag18', tensor([[0.0886]]))"
5e8228150dc171d3c93e74cc,"('redflag11', tensor([[0.0780]]))","('redflag10', tensor([[0.0656]]))","('redflag9', tensor([[0.0550]]))"
5e8227270dc171d3c93e7424,"('redflag10', tensor([[0.0812]]))","('redflag16', tensor([[0.0695]]))","('redflag17', tensor([[0.0661]]))"
5e8228150dc171d3c93e74cb,"('redflag2', tensor([[0.0368]]))","('redflag11', tensor([[0.0237]]))","('redflag9', tensor([[0.0234]]))"
5e8228150dc171d3c93e74b8,"('redflag11', tensor([[0.0874]]))","('redflag8', tensor([[0.0707]]))","('redflag13', tensor([[0.0657]]))"
5e8227610dc171d3c93e7449,"('redflag18', tensor([[0.0576]]))","('redflag1', tensor([[0.0467]]))","('redflag5', tensor([[0.0447]]))"
5e8228150dc171d3c93e74cd,"('redflag16', tensor([[0.0181]]))","('redflag11', tensor([[0.0053]]))","('redflag8', tensor([[0.0014]]))"
5e8228150dc171d3c93e74c0,"('redflag11', tensor([[0.1147]]))","('redflag10', tensor([[0.1019]]))","('redflag18', tensor([[0.0938]]))"
5e8228150dc171d3c93e74c4,"('redflag11', tensor([[0.0848]]))","('redflag16', tensor([[0.0840]]))","('redflag10', tensor([[0.0821]]))"
5e8227c20dc171d3c93e74a2,"('redflag2', tensor([[0.0368]]))","('redflag11', tensor([[0.0237]]))","('redflag9', tensor([[0.0234]]))"
5e8227c20dc171d3c93e7497,"('redflag8', tensor([[0.1369]]))","('redflag17', tensor([[0.1361]]))","('redflag14', tensor([[0.1346]]))"
5e8228b90dc171d3c93e752c,"('redflag17', tensor([[0.1083]]))","('redflag5', tensor([[0.1063]]))","('redflag10', tensor([[0.1058]]))"
5e8228980dc171d3c93e750f,"('redflag8', tensor([[0.1545]]))","('redflag17', tensor([[0.1522]]))","('redflag11', tensor([[0.1457]]))"
5e8228980dc171d3c93e750b,"('redflag11', tensor([[0.0897]]))","('redflag10', tensor([[0.0764]]))","('redflag13', tensor([[0.0737]]))"
5e8228e30dc171d3c93e7545,"('redflag11', tensor([[0.1754]]))","('redflag18', tensor([[0.1732]]))","('redflag9', tensor([[0.1567]]))"
5e8229720dc171d3c93e758a,"('redflag10', tensor([[0.1442]]))","('redflag17', tensor([[0.1440]]))","('redflag8', tensor([[0.1435]]))"
5e82284f0dc171d3c93e74f2,"('redflag16', tensor([[0.1039]]))","('redflag14', tensor([[0.1023]]))","('redflag17', tensor([[0.0957]]))"
5e8228680dc171d3c93e74fd,"('redflag11', tensor([[0.0863]]))","('redflag9', tensor([[0.0779]]))","('redflag17', tensor([[0.0763]]))"
5e82293a0dc171d3c93e7561,"('redflag18', tensor([[0.1715]]))","('redflag19', tensor([[0.1703]]))","('redflag2', tensor([[0.1686]]))"
5e8229720dc171d3c93e758d,"('redflag16', tensor([[0.1262]]))","('redflag14', tensor([[0.1245]]))","('redflag11', tensor([[0.1017]]))"
5e8229850dc171d3c93e759a,"('redflag18', tensor([[0.1201]]))","('redflag16', tensor([[0.1149]]))","('redflag8', tensor([[0.1123]]))"
5e8229980dc171d3c93e75a2,"('redflag16', tensor([[0.0374]]))","('redflag18', tensor([[0.0350]]))","('redflag11', tensor([[0.0340]]))"
5e8229ea0dc171d3c93e75e2,"('redflag11', tensor([[0.0974]]))","('redflag10', tensor([[0.0819]]))","('redflag1', tensor([[0.0784]]))"
5e822a1f0dc171d3c93e75f2,"('redflag17', tensor([[0.1134]]))","('redflag16', tensor([[0.1013]]))","('redflag14', tensor([[0.1001]]))"
5e822a1f0dc171d3c93e75fe,"('redflag2', tensor([[0.1269]]))","('redflag1', tensor([[0.1174]]))","('redflag8', tensor([[0.1076]]))"
5e8229ad0dc171d3c93e75bb,"('redflag11', tensor([[0.1486]]))","('redflag10', tensor([[0.1266]]))","('redflag9', tensor([[0.1216]]))"
5e822a9e0dc171d3c93e7638,"('redflag9', tensor([[0.0484]]))","('redflag18', tensor([[0.0473]]))","('redflag11', tensor([[0.0404]]))"
5e822a610dc171d3c93e7622,"('redflag11', tensor([[0.1171]]))","('redflag10', tensor([[0.1156]]))","('redflag14', tensor([[0.1141]]))"
5e822a1f0dc171d3c93e75f7,"('redflag14', tensor([[0.0658]]))","('redflag16', tensor([[0.0657]]))","('redflag12', tensor([[0.0584]]))"
5e822a9e0dc171d3c93e7647,"('redflag14', tensor([[0.0896]]))","('redflag8', tensor([[0.0730]]))","('redflag17', tensor([[0.0709]]))"
5e822b540dc171d3c93e767b,"('redflag8', tensor([[0.0913]]))","('redflag10', tensor([[0.0792]]))","('redflag14', tensor([[0.0763]]))"
5e822a610dc171d3c93e761b,"('redflag17', tensor([[0.1613]]))","('redflag16', tensor([[0.1597]]))","('redflag14', tensor([[0.1553]]))"
5e822b540dc171d3c93e7693,"('redflag14', tensor([[0.1698]]))","('redflag17', tensor([[0.1652]]))","('redflag11', tensor([[0.1603]]))"
5e822b540dc171d3c93e766d,"('redflag14', tensor([[0.1101]]))","('redflag10', tensor([[0.1056]]))","('redflag11', tensor([[0.1020]]))"
5e822b540dc171d3c93e7687,"('redflag8', tensor([[0.0794]]))","('redflag14', tensor([[0.0783]]))","('redflag7', tensor([[0.0616]]))"
5e822b540dc171d3c93e7671,"('redflag14', tensor([[0.1740]]))","('redflag15', tensor([[0.1589]]))","('redflag17', tensor([[0.1574]]))"
5e822b540dc171d3c93e76ab,"('redflag13', tensor([[0.1707]]))","('redflag18', tensor([[0.1686]]))","('redflag6', tensor([[0.1667]]))"
5e822b540dc171d3c93e768b,"('redflag3', tensor([[0.1678]]))","('redflag5', tensor([[0.1332]]))","('redflag14', tensor([[0.1191]]))"
5e822b540dc171d3c93e766f,"('redflag14', tensor([[0.1101]]))","('redflag10', tensor([[0.1056]]))","('redflag11', tensor([[0.1020]]))"
5e822b540dc171d3c93e767d,"('redflag17', tensor([[0.1565]]))","('redflag11', tensor([[0.1502]]))","('redflag18', tensor([[0.1484]]))"
5e822b540dc171d3c93e76a7,"('redflag17', tensor([[0.1661]]))","('redflag11', tensor([[0.1649]]))","('redflag16', tensor([[0.1632]]))"
5e822b540dc171d3c93e7685,"('redflag11', tensor([[0.1920]]))","('redflag17', tensor([[0.1739]]))","('redflag13', tensor([[0.1737]]))"
5e822bf70dc171d3c93e777a,"('redflag13', tensor([[0.1097]]))","('redflag14', tensor([[0.1018]]))","('redflag19', tensor([[0.1014]]))"
5e822bf70dc171d3c93e776a,"('redflag10', tensor([[0.2151]]))","('redflag9', tensor([[0.1949]]))","('redflag7', tensor([[0.1910]]))"
5e822b540dc171d3c93e768c,"('redflag14', tensor([[0.1045]]))","('redflag17', tensor([[0.0962]]))","('redflag10', tensor([[0.0909]]))"
5e822bf70dc171d3c93e7779,"('redflag17', tensor([[0.1355]]))","('redflag11', tensor([[0.1225]]))","('redflag16', tensor([[0.0951]]))"
5e822bf70dc171d3c93e777b,"('redflag11', tensor([[0.1616]]))","('redflag3', tensor([[0.1602]]))","('redflag9', tensor([[0.1594]]))"
5e822c2b0dc171d3c93e77d5,"('redflag10', tensor([[0.1144]]))","('redflag8', tensor([[0.1050]]))","('redflag14', tensor([[0.1015]]))"
5e822bf70dc171d3c93e777f,"('redflag14', tensor([[0.1226]]))","('redflag10', tensor([[0.1197]]))","('redflag17', tensor([[0.1195]]))"
5e822c6f0dc171d3c93e77f3,"('redflag16', tensor([[0.1399]]))","('redflag17', tensor([[0.1288]]))","('redflag14', tensor([[0.1158]]))"
5e822cca0dc171d3c93e7832,"('redflag14', tensor([[0.0896]]))","('redflag8', tensor([[0.0730]]))","('redflag17', tensor([[0.0709]]))"
5e822d370dc171d3c93e786f,"('redflag16', tensor([[0.1043]]))","('redflag8', tensor([[0.0985]]))","('redflag14', tensor([[0.0974]]))"
5e822cca0dc171d3c93e7827,"('redflag11', tensor([[0.1042]]))","('redflag10', tensor([[0.0801]]))","('redflag8', tensor([[0.0796]]))"
5e822c6f0dc171d3c93e77fd,"('redflag11', tensor([[0.2242]]))","('redflag14', tensor([[0.1963]]))","('redflag16', tensor([[0.1917]]))"
5e822cca0dc171d3c93e782b,"('redflag7', tensor([[0.1444]]))","('redflag11', tensor([[0.1300]]))","('redflag17', tensor([[0.1281]]))"
5e822c6f0dc171d3c93e77ea,"('redflag7', tensor([[0.1712]]))","('redflag17', tensor([[0.1700]]))","('redflag11', tensor([[0.1684]]))"
5e822d370dc171d3c93e786c,"('redflag14', tensor([[0.0657]]))","('redflag17', tensor([[0.0576]]))","('redflag16', tensor([[0.0524]]))"
5e822d370dc171d3c93e7864,"('redflag16', tensor([[0.0869]]))","('redflag14', tensor([[0.0826]]))","('redflag17', tensor([[0.0811]]))"
5e822d370dc171d3c93e7877,"('redflag16', tensor([[0.0440]]))","('redflag14', tensor([[0.0371]]))","('redflag8', tensor([[0.0302]]))"
5e822e120dc171d3c93e78bf,"('redflag14', tensor([[0.0657]]))","('redflag17', tensor([[0.0576]]))","('redflag16', tensor([[0.0524]]))"
5e822e120dc171d3c93e78e6,"('redflag8', tensor([[0.1039]]))","('redflag7', tensor([[0.0956]]))","('redflag14', tensor([[0.0939]]))"
5e822e120dc171d3c93e78ef,"('redflag11', tensor([[0.0339]]))","('redflag8', tensor([[0.0329]]))","('redflag17', tensor([[0.0200]]))"
5e822e120dc171d3c93e78f2,"('redflag9', tensor([[0.0476]]))","('redflag5', tensor([[0.0429]]))","('redflag8', tensor([[0.0415]]))"
5e822e120dc171d3c93e78eb,"('redflag8', tensor([[0.0644]]))","('redflag11', tensor([[0.0550]]))","('redflag7', tensor([[0.0512]]))"
5e822e120dc171d3c93e78c1,"('redflag14', tensor([[0.0657]]))","('redflag17', tensor([[0.0576]]))","('redflag16', tensor([[0.0524]]))"
5e822e120dc171d3c93e78cb,"('redflag17', tensor([[0.0722]]))","('redflag16', tensor([[0.0652]]))","('redflag11', tensor([[0.0642]]))"
5e822e120dc171d3c93e78d8,"('redflag11', tensor([[0.0488]]))","('redflag17', tensor([[0.0408]]))","('redflag7', tensor([[0.0401]]))"
5e822e120dc171d3c93e78db,"('redflag17', tensor([[0.0655]]))","('redflag7', tensor([[0.0581]]))","('redflag11', tensor([[0.0561]]))"
5e822e120dc171d3c93e78b6,"('redflag17', tensor([[0.0248]]))","('redflag7', tensor([[0.0122]]))","('redflag11', tensor([[0.0121]]))"
5e822f4e0dc171d3c93e7973,"('redflag14', tensor([[0.0821]]))","('redflag17', tensor([[0.0748]]))","('redflag16', tensor([[0.0725]]))"
5e822ee30dc171d3c93e7944,"('redflag8', tensor([[0.0371]]))","('redflag11', tensor([[0.0347]]))","('redflag7', tensor([[0.0273]]))"
5e822e120dc171d3c93e78d6,"('redflag11', tensor([[0.0683]]))","('redflag17', tensor([[0.0640]]))","('redflag16', tensor([[0.0551]]))"
5e822ee30dc171d3c93e794d,"('redflag11', tensor([[0.0878]]))","('redflag17', tensor([[0.0863]]))","('redflag13', tensor([[0.0736]]))"
5e822ee30dc171d3c93e7928,"('redflag17', tensor([[0.0217]]))","('redflag11', tensor([[0.0155]]))","('redflag7', tensor([[0.0147]]))"
5e822fa00dc171d3c93e79b0,"('redflag11', tensor([[0.0785]]))","('redflag7', tensor([[0.0740]]))","('redflag17', tensor([[0.0687]]))"
5e822ee30dc171d3c93e7950,"('redflag11', tensor([[0.0490]]))","('redflag17', tensor([[0.0442]]))","('redflag16', tensor([[0.0419]]))"
5e822fc30dc171d3c93e79db,"('redflag15', tensor([[0.0353]]))","('redflag14', tensor([[0.0350]]))","('redflag19', tensor([[0.0279]]))"
5e822e120dc171d3c93e78bc,"('redflag14', tensor([[0.0657]]))","('redflag17', tensor([[0.0576]]))","('redflag16', tensor([[0.0524]]))"
5e822ee30dc171d3c93e7945,"('redflag8', tensor([[0.0371]]))","('redflag11', tensor([[0.0347]]))","('redflag7', tensor([[0.0273]]))"
5e82308f0dc171d3c93e7a08,"('redflag9', tensor([[0.1014]]))","('redflag17', tensor([[0.0972]]))","('redflag10', tensor([[0.0946]]))"
5e82308f0dc171d3c93e7a2c,"('redflag11', tensor([[0.1169]]))","('redflag10', tensor([[0.1078]]))","('redflag17', tensor([[0.1077]]))"
5e82308f0dc171d3c93e7a49,"('redflag9', tensor([[0.1707]]))","('redflag11', tensor([[0.1648]]))","('redflag10', tensor([[0.1643]]))"
5e82308f0dc171d3c93e79f7,"('redflag9', tensor([[0.1293]]))","('redflag2', tensor([[0.1279]]))","('redflag18', tensor([[0.1276]]))"
5e82308f0dc171d3c93e79f1,"('redflag11', tensor([[0.1136]]))","('redflag10', tensor([[0.1122]]))","('redflag17', tensor([[0.1114]]))"
5e82308f0dc171d3c93e79f0,"('redflag9', tensor([[0.1760]]))","('redflag11', tensor([[0.1718]]))","('redflag10', tensor([[0.1706]]))"
5e82308f0dc171d3c93e79ff,"('redflag9', tensor([[0.1440]]))","('redflag11', tensor([[0.1403]]))","('redflag10', tensor([[0.1375]]))"
5e82318d0dc171d3c93e7abe,"('redflag11', tensor([[0.0917]]))","('redflag10', tensor([[0.0795]]))","('redflag9', tensor([[0.0751]]))"
5e82308f0dc171d3c93e7a14,"('redflag10', tensor([[0.1278]]))","('redflag9', tensor([[0.1270]]))","('redflag11', tensor([[0.1233]]))"
5e8231450dc171d3c93e7a86,"('redflag9', tensor([[0.1737]]))","('redflag10', tensor([[0.1717]]))","('redflag11', tensor([[0.1704]]))"
5e8231450dc171d3c93e7a80,"('redflag14', tensor([[0.0657]]))","('redflag17', tensor([[0.0576]]))","('redflag16', tensor([[0.0524]]))"
5e82318d0dc171d3c93e7abf,"('redflag14', tensor([[0.1616]]))","('redflag17', tensor([[0.1580]]))","('redflag16', tensor([[0.1577]]))"
5e8231be0dc171d3c93e7ae8,"('redflag11', tensor([[0.0830]]))","('redflag10', tensor([[0.0791]]))","('redflag9', tensor([[0.0715]]))"
5e82308f0dc171d3c93e79fd,"('redflag9', tensor([[0.1205]]))","('redflag11', tensor([[0.1205]]))","('redflag10', tensor([[0.1161]]))"
5e8231be0dc171d3c93e7aeb,"('redflag16', tensor([[0.1140]]))","('redflag11', tensor([[0.0940]]))","('redflag10', tensor([[0.0915]]))"
5e8231450dc171d3c93e7a7b,"('redflag9', tensor([[0.1535]]))","('redflag11', tensor([[0.1493]]))","('redflag10', tensor([[0.1453]]))"
5e8231f20dc171d3c93e7afb,"('redflag18', tensor([[0.0909]]))","('redflag13', tensor([[0.0902]]))","('redflag6', tensor([[0.0871]]))"
5e8231450dc171d3c93e7a82,"('redflag11', tensor([[0.1421]]))","('redflag10', tensor([[0.1377]]))","('redflag9', tensor([[0.1218]]))"
5e82308f0dc171d3c93e7a16,"('redflag9', tensor([[0.1055]]))","('redflag10', tensor([[0.1024]]))","('redflag19', tensor([[0.0980]]))"
5e8231f20dc171d3c93e7b03,"('redflag14', tensor([[0.1813]]))","('redflag18', tensor([[0.1663]]))","('redflag16', tensor([[0.1628]]))"
5e82326a0dc171d3c93e7b31,"('redflag10', tensor([[0.0512]]))","('redflag11', tensor([[0.0486]]))","('redflag8', tensor([[0.0452]]))"
5e8232a30dc171d3c93e7b59,"('redflag17', tensor([[0.1779]]))","('redflag19', tensor([[0.1557]]))","('redflag18', tensor([[0.1550]]))"
5e82326a0dc171d3c93e7b37,"('redflag8', tensor([[0.0890]]))","('redflag10', tensor([[0.0803]]))","('redflag14', tensor([[0.0707]]))"
5e82322d0dc171d3c93e7b0f,"('redflag2', tensor([[0.0111]]))","('redflag10', tensor([[-0.0091]]))","('redflag3', tensor([[-0.0094]]))"
5e8232eb0dc171d3c93e7b8f,"('redflag9', tensor([[0.1329]]))","('redflag10', tensor([[0.1176]]))","('redflag17', tensor([[0.1046]]))"
5e8232bc0dc171d3c93e7b71,"('redflag14', tensor([[0.0664]]))","('redflag13', tensor([[0.0647]]))","('redflag11', tensor([[0.0587]]))"
5e8232eb0dc171d3c93e7b8b,"('redflag11', tensor([[0.1048]]))","('redflag7', tensor([[0.0956]]))","('redflag8', tensor([[0.0947]]))"
5e8233410dc171d3c93e7bb7,"('redflag10', tensor([[0.0611]]))","('redflag8', tensor([[0.0608]]))","('redflag11', tensor([[0.0573]]))"
5e8233410dc171d3c93e7bbe,"('redflag18', tensor([[0.0976]]))","('redflag14', tensor([[0.0954]]))","('redflag10', tensor([[0.0944]]))"
5e8233410dc171d3c93e7bb3,"('redflag10', tensor([[0.1213]]))","('redflag11', tensor([[0.1102]]))","('redflag14', tensor([[0.1099]]))"
5e82318d0dc171d3c93e7abd,"('redflag11', tensor([[0.0585]]))","('redflag17', tensor([[0.0574]]))","('redflag7', tensor([[0.0534]]))"
5e8233b50dc171d3c93e7bf9,"('redflag17', tensor([[0.1120]]))","('redflag16', tensor([[0.1028]]))","('redflag14', tensor([[0.0972]]))"
5e8233150dc171d3c93e7ba0,"('redflag14', tensor([[0.0467]]))","('redflag8', tensor([[0.0423]]))","('redflag1', tensor([[0.0361]]))"
5e82338f0dc171d3c93e7be6,"('redflag9', tensor([[0.1329]]))","('redflag7', tensor([[0.1263]]))","('redflag8', tensor([[0.1180]]))"
5e82341d0dc171d3c93e7c2a,"('redflag8', tensor([[0.1139]]))","('redflag5', tensor([[0.1078]]))","('redflag6', tensor([[0.0960]]))"
5e82322d0dc171d3c93e7b18,"('redflag14', tensor([[0.1604]]))","('redflag8', tensor([[0.1442]]))","('redflag18', tensor([[0.1425]]))"
5e82308f0dc171d3c93e7a0e,"('redflag11', tensor([[0.1085]]))","('redflag10', tensor([[0.1018]]))","('redflag17', tensor([[0.0993]]))"
5e8233b50dc171d3c93e7bf2,"('redflag16', tensor([[0.1188]]))","('redflag10', tensor([[0.1066]]))","('redflag17', tensor([[0.0999]]))"
5e8233760dc171d3c93e7bd5,"('redflag14', tensor([[0.0958]]))","('redflag1', tensor([[0.0890]]))","('redflag17', tensor([[0.0832]]))"
5e8233410dc171d3c93e7bb9,"('redflag10', tensor([[0.0611]]))","('redflag8', tensor([[0.0608]]))","('redflag11', tensor([[0.0573]]))"
5e82322d0dc171d3c93e7b0e,"('redflag16', tensor([[0.0838]]))","('redflag17', tensor([[0.0816]]))","('redflag11', tensor([[0.0811]]))"
5e8234f20dc171d3c93e7cae,"('redflag11', tensor([[0.0929]]))","('redflag5', tensor([[0.0917]]))","('redflag17', tensor([[0.0835]]))"
5e8235200dc171d3c93e7cda,"('redflag5', tensor([[0.0922]]))","('redflag14', tensor([[0.0874]]))","('redflag16', tensor([[0.0847]]))"
5e8234ca0dc171d3c93e7c90,"('redflag11', tensor([[0.1069]]))","('redflag8', tensor([[0.1026]]))","('redflag14', tensor([[0.1018]]))"
5e82353e0dc171d3c93e7cf4,"('redflag11', tensor([[0.0350]]))","('redflag17', tensor([[0.0268]]))","('redflag16', tensor([[0.0152]]))"
5e8234370dc171d3c93e7c3f,"('redflag18', tensor([[0.1425]]))","('redflag11', tensor([[0.1420]]))","('redflag16', tensor([[0.1414]]))"
5e82349c0dc171d3c93e7c78,"('redflag8', tensor([[0.0679]]))","('redflag17', tensor([[0.0598]]))","('redflag5', tensor([[0.0559]]))"
5e8235d80dc171d3c93e7d38,"('redflag5', tensor([[-0.0293]]))","('redflag17', tensor([[-0.0294]]))","('redflag8', tensor([[-0.0329]]))"
5e82350b0dc171d3c93e7cc2,"('redflag17', tensor([[0.1380]]))","('redflag10', tensor([[0.1371]]))","('redflag11', tensor([[0.1337]]))"
5e82360a0dc171d3c93e7d4e,"('redflag14', tensor([[0.0890]]))","('redflag8', tensor([[0.0877]]))","('redflag11', tensor([[0.0705]]))"
5e82360a0dc171d3c93e7d55,"('redflag11', tensor([[0.1219]]))","('redflag17', tensor([[0.1175]]))","('redflag14', tensor([[0.1102]]))"
5e8235800dc171d3c93e7d06,"('redflag19', tensor([[0.1565]]))","('redflag17', tensor([[0.1555]]))","('redflag14', tensor([[0.1414]]))"
